generation,fitness,distribution
0,"[2, 1, 1, 2, 0]","[0.8251190605457172, 0.4699745702844842, 0.8231448002829975, 0.9394309610331586, 0.6670904721652747, 0.7660316770010089, 0, 0.47972040104147795, 0.8020157740554718, 0, 0.9335688199258884, 0.6044085761776106, 1, 0, 0, 0.4425898899690075, 0.08195550217312875, 0.2974385833895775, 0.5125613373704996, 0.4905087285752564, 0.38564487321994767, 0.30429298167829366, 0.10560921966690684, 0, 0.8408116607322647, 1]"
1,"[2, 0, 0, 2, 1]","[0.7657255938146167, 0.6008748479454816, 0.9932098305092006, 0.040331333073439724, 0.10782361857871348, 0.8187974195372878, 0.6582502476619966, 0.043874804856115834, 1, 0.49638208222685654, 0.8887417911494166, 0.04516307714020107, 0.3684375759992291, 0, 0.8570252225071591, 0.04611633969588591, 0.08696369697371686, 0.05710925786844079, 1, 0.1615078097835123, 0.22293628886443118, 0.8517407780235141, 0.08612102801396693, 0, 0.21743661373772238, 0.24312501969397426]"
2,"[1, 1, 2, 1, 0]","[0.7657255938146167, 0.6008748479454816, 0.9932098305092006, 0.040331333073439724, 0.10782361857871348, 0.8187974195372878, 0.6582502476619966, 0.043874804856115834, 1, 0.49638208222685654, 0.8887417911494166, 0.04516307714020107, 0.3684375759992291, 0, 0.8570252225071591, 0.04611633969588591, 0.08696369697371686, 0.05710925786844079, 1, 0.1615078097835123, 0.22293628886443118, 0.8517407780235141, 0.08612102801396693, 0, 0.21743661373772238, 0.24312501969397426]"
3,"[1, 2, 1, 0, 2]","[0.2521792213041487, 1, 0.44226179503140917, 0, 0.9695487082372437, 0.9595934505618205, 0.40620201238017384, 1, 1, 0, 0.3485309767896396, 0.47469422549718, 1, 1, 0.5561169260710331, 0.6699376776515386, 0.9117356687329441, 0.2974385833895775, 0, 0, 0.21702650272995216, 0.3442242308837957, 0.008166477662175708, 0, 1, 0.6111013690975065]"
4,"[2, 0, 0, 1, 2]","[0.5542242485071629, 1, 0.2775274620679812, 0.7757644320091591, 0, 0.6284102753754987, 0.23820304808395465, 0.21215144734949964, 1, 0.8646280643861969, 0.11051187914711336, 0.7289145420933402, 0, 0, 0.8570252225071591, 0.04611633969588591, 0.2024935189429714, 0, 1, 0.44265412004577687, 0, 0.48995481455992307, 0.39317710991707433, 0, 0.14052452628737622, 0.4030563165659722]"
5,"[2, 0, 2, 2, 0]","[0.3148462496522203, 0.4305777016141137, 0.2775274620679812, 0.46282281884297694, 0.1554006430044449, 0.6284102753754987, 0.23820304808395465, 0.2987291846424699, 1, 0.8616484609882404, 0.24823921201514865, 0.7489182039959513, 0, 0, 0.8570252225071591, 0.04611633969588591, 0.2024935189429714, 0.05710925786844079, 1, 0.44265412004577687, 0, 0.48995481455992307, 0.028018628087556063, 0, 1, 0.6111013690975065]"
6,"[2, 2, 2, 0, 0]","[0, 0.3492527969695365, 1, 0.6341630041531183, 0.8597225681809469, 0.9126540923960039, 0, 0.09877871025688578, 1, 0.2398534269677819, 0.5248506299885027, 0.783652904356916, 1, 0, 0.04764779881858838, 0.3775393203531283, 0.41492485307107196, 0.2974385833895775, 0.5125613373704996, 0.014919654550475614, 0.38564487321994767, 0.3442242308837957, 0, 0.32383317483420915, 0.5145114360235177, 0.8538469292647619]"
7,"[0, 1, 2, 2, 2]","[0, 0.3492527969695365, 1, 0.6341630041531183, 0.8597225681809469, 0.9126540923960039, 0, 0.09877871025688578, 1, 0.2398534269677819, 0.5248506299885027, 0.783652904356916, 1, 0, 0.04764779881858838, 0.3775393203531283, 0.41492485307107196, 0.2974385833895775, 0.5125613373704996, 0.014919654550475614, 0.38564487321994767, 0.3442242308837957, 0, 0.32383317483420915, 0.5145114360235177, 0.8538469292647619]"
8,"[1, 2, 0, 2, 0]","[0.5888000254591504, 0.7588386450904498, 0.48379926147329755, 0.41337872668278786, 0, 0.8562346495533895, 1, 0.4036548763412309, 0.7438917270008044, 0, 0.8887417911494166, 0, 0.9922670449506699, 0.2755152429660299, 0.9619988877109031, 0.04611633969588591, 0, 0.5295862565419772, 0, 0.27787794944449207, 0.6870833928143504, 0.06696482236572399, 0.46282320440009705, 0.32383317483420915, 0.2765060420616938, 0.7668086264186151]"
9,"[0, 0, 2, 2, 2]","[0, 0.9253501192657244, 0.4949372398242997, 0.9761755259719772, 1, 1, 0, 0.4036548763412309, 0.6873118281841263, 0.31577098614604804, 0.8887417911494166, 0.4183188847040994, 0.8646069262115694, 0.2755152429660299, 1, 0.04611633969588591, 0, 0.21375376913120514, 0, 0.27787794944449207, 0.6870833928143504, 0.10954849867943994, 0.3258840039439417, 0.4849097795492383, 0.2765060420616938, 0.761409037766286]"
10,"[0, 2, 1, 2, 0]","[0, 0.3408833470696392, 1, 0.6256036213268208, 1, 1, 0, 0, 1, 0.9240993062824413, 0.5248506299885027, 0.713797984045811, 1, 0.20100198756869725, 0.1025098559102472, 0.3775393203531283, 0, 0.9271204869809873, 0.4166785828555324, 0, 0.34826116763578674, 0.4330318538775485, 0.4673219555809299, 0, 0.3954593574822143, 0.9277059840547086]"
11,"[2, 2, 0, 2, 0]","[0.26118465838309446, 0.0047993669682410145, 1, 0.4676434896849009, 1, 0.7808758772552189, 0, 0, 1, 0.08321222552502106, 0.5248506299885027, 0.7493328130315752, 0.8595741821695367, 0.4575726206542232, 0, 0, 0.18710538636793161, 0.30835380298510573, 0, 0.48807855374437126, 0.37986406621118574, 0.11599046208417829, 0, 0, 0.7797010642357018, 1]"
12,"[2, 2, 0, 2, 0]","[0, 0, 0.4350074820864148, 0.8300025704607308, 1, 0.7808758772552189, 0, 0, 1, 0.08321222552502106, 1, 0.7493328130315752, 0.8595741821695367, 0.4575726206542232, 0, 0, 0.18710538636793161, 0.30835380298510573, 0.0494831490601344, 0.48807855374437126, 0.37986406621118574, 0.49261951195052023, 0, 0, 0.7797010642357018, 1]"
13,"[2, 0, 2, 2, 0]","[0.4310806920152188, 0.1794386411523291, 1, 0.06122883553890268, 1, 1, 0.6740705268024337, 0, 1, 0.9240993062824413, 0.7245939805805743, 1, 0.9946949208013154, 0, 0.2331571968849686, 0.3775393203531283, 0, 1, 0.670429781350473, 0, 0.34826116763578674, 0, 0.4673219555809299, 0, 0.3954593574822143, 0.9277059840547086]"
14,"[0, 2, 2, 0, 2]","[0.4310806920152188, 0.1794386411523291, 1, 0.06122883553890268, 1, 1, 1, 0, 0.5345133852254462, 0.9240993062824413, 1, 1, 0.7447834254459567, 0.5890343219711933, 0.062396856081068264, 0, 0.18710538636793161, 0.30835380298510573, 0, 0.46025357206376527, 0.37986406621118574, 0.0691371257708624, 0, 0, 1, 1]"
15,"[2, 0, 2, 2, 0]","[0.5888000254591504, 0.7588386450904498, 0.887776843037732, 0, 0, 0.9465941290863872, 0.03734241766993118, 0, 1, 0, 1, 0.5805238661094949, 0.8595741821695367, 0.20100198756869725, 0, 0.3952066830987935, 0, 0.8105437091055118, 0.6137447654630073, 0, 0, 0.33976482651493745, 0.1534548013851168, 0, 0.30226503376376823, 1]"
16,"[0, 1, 2, 1, 0]","[0.17100482089829439, 0.5296223182188182, 0.64626760719015, 0.8147883000515477, 0.8799032090704569, 0.8194029789048142, 0.007747469009647734, 1, 1, 0.7368890043425986, 0.5583670659773453, 1, 0.6459794818333556, 0.8750054319623508, 0, 0.6340261740398071, 0, 0.3451956582548191, 0.3239235426551047, 0.18867164547735715, 0.45238888889220785, 0.3247338559060132, 0.971723173174492, 0, 0.18090289320531816, 0.6006023525539521]"
17,"[2, 2, 0, 2, 2]","[0.17100482089829439, 0.5296223182188182, 0.64626760719015, 0.8147883000515477, 0.8799032090704569, 0.8194029789048142, 0.007747469009647734, 1, 1, 0.7368890043425986, 0.5583670659773453, 1, 0.6459794818333556, 0.8750054319623508, 0, 0.6340261740398071, 0, 0.3451956582548191, 0.3239235426551047, 0.18867164547735715, 0.45238888889220785, 0.3247338559060132, 0.971723173174492, 0, 0.18090289320531816, 0.6006023525539521]"
18,"[2, 2, 0, 2, 0]","[0, 0.6316000210174914, 0.5111053881486487, 0, 1, 1, 0, 0.6747423182900314, 0.7321571480414949, 0.110998148717381, 0.5800137972658513, 0.01490364783236553, 0.7347250058585993, 0.9191638527683622, 0, 1, 0.19785611748787213, 0.42022846879482356, 0, 0.07093307226401113, 0.5332233667701136, 0.5415212938935277, 0, 0.8042568687320778, 1, 0.7748942917221173]"
19,"[0, 2, 2, 0, 2]","[0.17100482089829439, 0.39036823576071145, 0, 0.4753346447631507, 1, 1, 0.4927491440810212, 0.6747423182900314, 1, 0.110998148717381, 1, 0.01490364783236553, 0.7347250058585993, 0.9191638527683622, 0.37143256123593504, 1, 0.19785611748787213, 0.42022846879482356, 0, 0.18215668106422922, 0, 0.5415212938935277, 0.4449180817013836, 0.5425957815729271, 1, 0.7748942917221173]"
20,"[0, 2, 0, 2, 2]","[0, 0.6316000210174914, 0.6670859536101169, 0, 1, 0.8803278059239117, 0, 0.6747423182900314, 0.4408535021039025, 0.08746353794598216, 0.8581581561647509, 1, 0.6246466006517154, 0.4575726206542232, 0, 0, 0.18710538636793161, 0.30835380298510573, 0, 0.7180995650446969, 0.7265750317031786, 0.11599046208417829, 0.24782746288056134, 0, 0.8011813608529268, 1]"
21,"[2, 0, 1, 0, 2]","[0.22302887513324632, 0.5450873775892069, 0.3403810247015243, 0, 1, 0.7903951295077785, 0.49083149420564276, 1, 0.4408535021039025, 0, 0.8581581561647509, 0.5070579660434175, 0.6246466006517154, 0.10205215623384178, 0, 0, 0, 0, 0.4746474029372265, 0, 0.7265750317031786, 0.2562801249552533, 0, 0.5976299246762183, 0.6090376701398968, 0.8814440070067936]"
22,"[1, 2, 2, 2, 0]","[0.17198428282759348, 0.552601110074305, 0, 0.4753346447631507, 1, 1, 0.4927491440810212, 0.6747423182900314, 1, 0.47173716619409056, 0.05809686535958403, 0.4990551819792417, 0.7612689651880843, 0.8003662071151665, 0.6942053419296539, 0.6160862211727568, 0, 0.393666914327485, 0, 0, 0, 0.38719626902694737, 0.18264853428871863, 0.6388970586719688, 0.2681385466049725, 0.7748942917221173]"
23,"[0, 0, 2, 2, 2]","[0.17100482089829439, 0.17072005682539104, 0.8427923386464442, 0.7800120180370067, 0.8799032090704569, 1, 0.4927491440810212, 0.22877097762182708, 0.7321571480414949, 0, 0.9410813044882662, 0.01490364783236553, 0.6246466006517154, 0.6564864763384689, 0.3496365711309952, 0.33865845294805674, 0, 0.30835380298510573, 0.6980937634744461, 0.519362500491788, 0.7002323247376645, 0.9739597510525428, 0.4379946243100512, 0.05269256462928307, 0.2936775242896128, 0.9961869183956026]"
24,"[0, 0, 2, 2, 2]","[0.6492298166486739, 0.9936317104683399, 0, 0, 1, 1, 1, 0.7928350232895788, 0.7460418016046836, 0.5911745031545157, 0.7853089005542975, 0.31895587462776753, 1, 0.5067005982139211, 0.04704346600465059, 0.6721221397228327, 0, 0.8543694870630557, 0.18918903411561805, 0.5092526373175015, 0.3647445930308649, 0.32107293876825793, 0, 0.3446247190191146, 0.2752748210591358, 0]"
25,"[1, 0, 2, 0, 2]","[0.175149752617354, 0.39036823576071145, 0, 0.1401610730206757, 1, 0.9628104063640348, 0.8363716669783008, 0.6747423182900314, 0.7048310498504737, 0.3556811870947101, 0.7390222361340636, 0.6648452362629264, 0.6246466006517154, 0.5067005982139211, 0.37143256123593504, 0.7251975328503535, 0.1112862407801194, 0.21877194235972752, 0.23671199433515644, 0.4789640090193348, 0.9705503042588185, 0.23948118490930248, 0.46064360958341244, 0.2340770550149357, 0, 0.5831711782073881]"
26,"[2, 2, 0, 2, 2]","[0.4310806920152188, 1, 0.2759564749131729, 0, 1, 1, 1, 0.5793609405098147, 0.7048310498504737, 0.6582142011516943, 0.7390222361340636, 0, 0.6246466006517154, 0.5067005982139211, 0.37143256123593504, 1, 0, 0.8543694870630557, 0.17646839004357673, 0.28300252536847714, 0.26032393481222726, 0.32107293876825793, 0.10498929545592806, 0.004146897410854833, 0.2752748210591358, 0.30300993360142425]"
27,"[2, 2, 2, 0, 2]","[0.175149752617354, 0.39036823576071145, 0, 0, 1, 0.9479376339553818, 0.82989654281047, 1, 0.7048310498504737, 0.6257088405826687, 0, 0, 0.6686137769537538, 0.8003662071151665, 1, 0.7631261821385824, 0, 0.3586153233722734, 0, 0.28300252536847714, 0.26032393481222726, 0.14796778170663072, 0.10498929545592806, 0.004146897410854833, 0.2752748210591358, 0.30300993360142425]"
28,"[0, 2, 0, 2, 1]","[0.175149752617354, 0.39036823576071145, 0, 0.1401610730206757, 0.7401175261452835, 0.7532875295606055, 1, 0.42385240992488216, 0.9634124278973552, 0.2417968017783001, 0, 0.16081061549105213, 0, 1, 0.8356159350118723, 0.41991570325041727, 0.6272695231003316, 0, 0, 0.18215668106422922, 0.05385364092606715, 1, 0.2749710441171418, 0.6746689445095283, 0.3796409340747432, 0.20684300920648002]"
29,"[2, 0, 2, 2, 0]","[0.175149752617354, 0.2247830559458175, 0, 0, 1, 1, 0.8286905837544228, 0.3175780514916079, 1, 0, 0.30878398280715946, 0.34048418873706365, 0.6923599036291225, 0.5238723134314963, 0.2626545322810425, 1, 0.47069024129784365, 0, 0.25661359184387056, 0.8962963134809808, 0, 0.46667673370154683, 0.5078390680862845, 0.9509241146777498, 0.5400491757179945, 0.20051574881791168]"
30,"[1, 2, 2, 0, 0]","[0.47401334699619835, 0.9504123398776689, 0, 0.16266759495913008, 1, 1, 0.8611130201864283, 0.7928350232895788, 0.7460418016046836, 0.7728415140576554, 0.3038211745018331, 1, 0.6822900638928723, 0, 0.34348778854665885, 0.24776602509318413, 0.6107075830519961, 0, 0.7442319750055686, 1, 0.34845426278328695, 0.1385929788249317, 0, 0.116892325821222, 0.33447677986746294, 0]"
31,"[0, 2, 1, 2, 2]","[0.17244358003974047, 0.2247830559458175, 0, 0, 1, 1, 0.8286905837544228, 0.44143774356711785, 0.9788809506463084, 0, 0.33749619417237775, 0.2238509798655992, 1, 1, 0.2626545322810425, 1, 0.4677956159518667, 0, 0.5142319912002802, 0.8962963134809808, 0, 0.46667673370154683, 0.8299467586292126, 0.9509241146777498, 0.5400491757179945, 0.4309325054347095]"
32,"[0, 1, 0, 2, 2]","[0.47401334699619835, 0.9936317104683399, 0, 0.16266759495913008, 0.9347952905708372, 1, 0.8611130201864283, 0.7928350232895788, 0.6121496909740021, 0.10404687924012279, 0.29174883566370924, 0.5778999593870376, 0.5198083084008909, 0.4575726206542232, 0.2876990811695237, 0.4441445875923292, 0.23126790656369822, 0, 0.4439494124436896, 0.9251380545266958, 0.3722194878862588, 0.1785519138438747, 0.07281154402598522, 0.9105491882834342, 0.960719377200234, 0.8592563008436261]"
33,"[2, 0, 2, 0, 0]","[0.6901202423208819, 0, 0, 0.32325315497638807, 0.7019138428101296, 0.4537378919434585, 1, 1, 0.6317015156322318, 0.32369314849069397, 0.7806684910788904, 0.6791412417271036, 1, 0, 0, 0.5128130106105525, 0.209321177820476, 0.8543694870630557, 0.31454042772414825, 0, 0, 0, 0, 1, 0.31019743956931134, 0.8113753957919805]"
34,"[2, 2, 0, 2, 1]","[0.34238223356164066, 0.9105046981333672, 0.6114255787801803, 0.17456175942136354, 1, 1, 0.940597332800536, 0, 0.7048310498504737, 1, 1, 0, 0.6246466006517154, 0.36268882416022374, 0.6946788324792788, 0.9656229822764179, 0.1008735952364177, 0, 0.6420059620285699, 0.5815477045287892, 0.710829060791551, 0.46667673370154683, 0.5078390680862845, 1, 0, 0.30118098761882484]"
35,"[0, 0, 2, 2, 2]","[0.7815469041890097, 1, 0, 0.4553024790663195, 0.9148998577315038, 0.8590384788049437, 0.543863547882552, 1, 0.9369283061418194, 1, 0.4141005526096109, 0.4442756419427435, 0.14732469280953564, 0.8929285149708949, 0, 0, 0.30771005415679953, 0.12956555396915448, 1, 0.11666549763735656, 0.5476471391377169, 0, 0, 0.5761056548688193, 0, 0.6952491912482548]"
36,"[2, 2, 0, 2, 0]","[0.34238223356164066, 1, 0.39119590578873187, 0.17456175942136354, 1, 1, 0.940597332800536, 0, 0.7048310498504737, 0.8105992821449525, 0.4546456801689712, 0, 0.6246466006517154, 0.36268882416022374, 0.8290809308085372, 0.9656229822764179, 0.07516298045473724, 0.9334246754197051, 0.4219980662959203, 0, 0, 0, 0, 1, 0.3526106616721014, 0.3210685820344178]"
37,"[0, 2, 0, 2, 2]","[0.6901202423208819, 0.1934734233383869, 0, 0.32325315497638807, 0.7019138428101296, 0.4537378919434585, 1, 1, 1, 0.4400335879406452, 0.5954552698471275, 1, 1, 0.972666769209324, 0.5123447623688485, 0.3445127689018008, 0.472477482198416, 0, 0.41358551328583715, 0.36830146621789495, 0.40422032049749423, 0, 0.03428038360751895, 0.5054375786015955, 0.732590284712126, 1]"
38,"[1, 2, 2, 2, 2]","[1, 0.8272476553443434, 0.4738479540992888, 0.6146590929069427, 0.5733550505346542, 0.8590384788049437, 0.6903068293625048, 0.9979948994166856, 0.9369283061418194, 0.4400335879406452, 0.718645408102038, 0.9469110275362809, 1, 0.972666769209324, 0.5123447623688485, 0.5218319445354923, 0.472477482198416, 0.4136398031810553, 0.1736981105536094, 0.36830146621789495, 0.40422032049749423, 0, 0.03428038360751895, 0.5054375786015955, 0.732590284712126, 0.8768549461760682]"
39,"[1, 2, 0, 0, 2]","[0.7104925981663269, 0.9271876086984676, 0.15412632096100543, 0.6029282790935786, 1, 0.841094836461401, 0.940597332800536, 0.08584657404539253, 0, 1, 1, 0.40261478650827576, 0.013536807637532733, 0.6761305353668163, 0.6473138866756226, 0.5690672842009538, 0.5589492890450477, 0.3744742372760448, 0.4439494124436896, 0.8103933741831157, 0.667324655106931, 0, 0, 0.30221699547381486, 0.6044224846936791, 1]"
40,"[0, 0, 2, 2, 2]","[0.26574450852804843, 0.9271876086984676, 0.3462729974923322, 0.16539729250749857, 0.9377092299799112, 1, 1, 0, 0, 1, 1, 0.40261478650827576, 0.013536807637532733, 0.6761305353668163, 0.6946788324792788, 1, 0.5278302408679066, 0, 0.5144485578560095, 0.5204432357001372, 0.8686810491884999, 0, 0.3210768861206835, 0.9594561682590466, 0.12062450001985969, 0.9200301789043089]"
41,"[0, 2, 2, 2, 2]","[0, 0.9105046981333672, 0.759575710925773, 0.17456175942136354, 0.8150289031064892, 0.9145932974224431, 1, 0.6836881877236051, 0.44725814151890386, 0, 0.7533979009907212, 0, 0.05902672820864319, 0.8629138844543025, 0.33560741498847046, 0, 0, 0.12956555396915448, 1, 0.562850139746569, 1, 0, 0, 0.9043481918377138, 0.7032767345033012, 0.9858071343294397]"
42,"[0, 2, 2, 2, 1]","[0.34290768242581804, 0.5405252163700863, 0.7632426048148441, 0.28188655633626336, 1, 1, 1, 0, 0.4701233422497497, 1, 1, 0, 0.013536807637532733, 0.49773360049935134, 0.6841840673973918, 0.9607017709354093, 0.5000499097884878, 0.3744742372760448, 0.4439494124436896, 0.4149459730586932, 0.6034110557982297, 0.22112469767059328, 0, 0.5367355740014979, 1, 1]"
43,"[2, 2, 2, 0, 0]","[0.283085335904391, 1, 0, 0.40340940277530557, 0.9862186203888407, 0.3217370822321418, 0.3757659350831182, 1, 0.30315073915308766, 0.8750681762425387, 0.9028824805214967, 0.08966997017018308, 0.6605930294766362, 0.937578291141081, 0.5362974737542132, 0, 0, 0.3031172717457855, 1, 0.562850139746569, 0.8037629855868362, 0, 0.03428038360751895, 0.3357277762538674, 0.7032767345033012, 1]"
44,"[1, 2, 2, 0, 2]","[0.283085335904391, 1, 0, 0.40340940277530557, 0.9862186203888407, 0.3217370822321418, 0.3757659350831182, 1, 0.30315073915308766, 0.8750681762425387, 0.9028824805214967, 0.08966997017018308, 0.6605930294766362, 0.937578291141081, 0.5362974737542132, 0, 0, 0.3031172717457855, 1, 0.562850139746569, 0.8037629855868362, 0, 0.03428038360751895, 0.3357277762538674, 0.7032767345033012, 1]"
45,"[0, 1, 0, 2, 2]","[0.283085335904391, 0.9751720044965536, 0, 0.2839337628833508, 0.8513548566218151, 0.805796973040125, 0.6817872083316754, 0.6133510794639977, 0, 1, 1, 0, 0, 0.2630443245162307, 0.7536237040116844, 0.5218319445354923, 1, 0.6427447637114111, 0, 0.9228334407818778, 0.40422032049749423, 1, 0.03428038360751895, 0.4455324830449955, 1, 1]"
46,"[2, 2, 2, 0, 0]","[0.283085335904391, 0.5317639151841981, 0.18633164319482054, 0.2839337628833508, 0.31382036172647787, 0.805796973040125, 0.6817872083316754, 0.6133510794639977, 0, 1, 1, 0.4739944234232153, 0, 0.2630443245162307, 0.7536237040116844, 0.6029401354641528, 1, 0.6427447637114111, 0, 0.9228334407818778, 0.40422032049749423, 1, 0.03428038360751895, 0.4455324830449955, 0.23733482356040314, 0.8361389471985078]"
47,"[2, 1, 2, 2, 2]","[0.283085335904391, 0.5862937797946245, 0.2411710158654118, 0, 0.9862186203888407, 0.3217370822321418, 0.6599194300260284, 1, 0, 0.6055533062069519, 0.9134429676985918, 0.8210064293921864, 0.4929650475450513, 0.012180790494475957, 0.49193909301635685, 0.24285647605624994, 0.9856728069327397, 0.6427447637114111, 0.5788199223287663, 0.9228334407818778, 0, 0.8393743051056014, 0.6990174756495834, 0.4455324830449955, 0.46106063417478194, 1]"
48,"[2, 2, 0, 2, 2]","[0.461636124420604, 1, 0.4924249783047695, 0.495804680128877, 1, 0.5464127123871948, 0.3560752514512501, 0, 0.34650716488492384, 0.5704067598718353, 0.5180138925685716, 0.5069503317937539, 0.03390291716588567, 0.26335021904773936, 0.6473138866756226, 0.6403931724717815, 0.794845904893869, 0.4958044880117872, 0.6109908500050222, 0.4893975340315889, 0.5312486940235132, 0, 0.39721805871087, 0.4455324830449955, 0.4579208812303147, 0.9354796062908403]"
49,"[1, 2, 2, 0, 2]","[0.5704743667631128, 0, 0, 0.570356311431675, 1, 1, 1, 0.29106278743211755, 0.1623146078340274, 1, 0.6887192008251533, 1, 0.20544556474870623, 0.26335021904773936, 0.6473138866756226, 0.6403931724717815, 0.794845904893869, 0.4958044880117872, 0.3651191670541407, 0.3530833681382618, 0, 0.8393743051056014, 0, 0.4106046551435415, 0.23733482356040314, 1]"
50,"[0, 2, 2, 1, 2]","[0.3513175369030107, 0.7666306031688035, 1, 0, 0.9862186203888407, 0.3217370822321418, 0.6599194300260284, 1, 0, 0.7041273904409827, 0.9134429676985918, 0.8210064293921864, 0.4171240439406759, 0.11499836487438408, 0.7307067169844913, 0, 0.9856728069327397, 0.6427447637114111, 0.5788199223287663, 0.9521840146457341, 0.0052553923633470445, 0.5125704810014539, 0.7341759958886069, 0.35008359789412247, 0.23733482356040314, 0.8118814409903611]"
51,"[0, 2, 2, 0, 2]","[1, 0.06337780452600017, 0.7111050568016367, 0.8351950242633459, 1, 0.9887928885256462, 1, 0.026390435423301106, 0, 0.6692185891633382, 0.9112966461576416, 1, 0.03390291716588567, 0, 0.7769893677065793, 0.7325637333068139, 0.19366678740995813, 0.31350613844263764, 0.6109908500050222, 0, 0.8400362124546132, 0, 1, 0.35008359789412247, 0.6892382425382942, 0.5857188249410458]"
52,"[0, 2, 2, 2, 0]","[0, 0.7922900842445834, 0, 0.5250918435284047, 0.712882296048374, 1, 0.6878734374899543, 0.2872476578757903, 0, 1, 0.4796691129638081, 1, 1, 0.22507187121337935, 0.7769893677065793, 1, 0, 0.31350613844263764, 0.6109908500050222, 0.3409797974934401, 1, 0.2107563240344088, 0.6308388184444018, 0.35008359789412247, 0.23733482356040314, 1]"
53,"[2, 2, 0, 1, 2]","[0.6685326856035968, 0.06337780452600017, 0.4230145534110039, 0.46115946565947785, 1, 1, 1, 0.10195151111691336, 0.28991951990767706, 0.46203596958025017, 0.38975569286001355, 0.6715598332795037, 0.5483726874606867, 0.33093602744166206, 0.582116100490348, 1, 0, 0.6431865586961709, 0.4070614408033345, 0.9521840146457341, 0.36530676373856763, 0.4758445000701227, 0.8074892858639449, 0.35008359789412247, 0, 1]"
54,"[2, 0, 2, 2, 0]","[1, 0, 1, 0.7728215426636789, 0.885151816385548, 0.5336298088065563, 0.9700823219715374, 0.10195151111691336, 0.28991951990767706, 0.8655622271489511, 0.38975569286001355, 0.6715598332795037, 0.3386601258547475, 0.6471750275756479, 0.582116100490348, 1, 0, 0.36186095189703227, 0.4070614408033345, 0.9521840146457341, 0, 0.4758445000701227, 0.7341759958886069, 0.35008359789412247, 0, 1]"
55,"[2, 2, 0, 2, 0]","[1, 0.06337780452600017, 0.4230145534110039, 0.46115946565947785, 1, 1, 1, 0.10195151111691336, 0.28991951990767706, 0.46203596958025017, 0.8802710575057057, 0.6715598332795037, 0.3386601258547475, 0.6471750275756479, 1, 0.882664254623024, 0, 0.2839319786256519, 0.2894198880757086, 0.9521840146457341, 0, 0.5450034537167362, 0.7341759958886069, 0.35008359789412247, 0, 1]"
56,"[0, 2, 2, 0, 2]","[0.283085335904391, 0.8033183325136719, 0.8054457223913952, 0.8990691252402954, 1, 0.7579815189121687, 0.9119775096885108, 0, 0.29030309449872005, 0.8262891116970454, 1, 0, 0.13476057177694878, 0.012180790494475957, 1, 1, 0.8998318104798286, 1, 0.6227876381386986, 0.35504401665047436, 0.9182732309695741, 0.17137395591227012, 0.6308388184444018, 0.7311217570725462, 0, 0.8627761028442659]"
57,"[2, 2, 2, 1, 0]","[0, 0.9867204505262535, 1, 0.08490670730689986, 0.6089261286765376, 0.6965034992981668, 1, 0.09523968364868363, 0.28991951990767706, 0.4211210265426122, 0.120980063760603, 0.6803877847937437, 0.5483726874606867, 0.6921505883530126, 0.38116167569059645, 1, 0.5316745135582527, 0.7735737927239071, 0.8650150816794979, 0.5986337095201001, 0.6352339373925939, 0, 0.43008342803842303, 0, 0.07252563242222532, 0.35437652507032347]"
58,"[2, 2, 2, 2, 0]","[0.5653413502390829, 0.06337780452600017, 0.4230145534110039, 0.46115946565947785, 0, 0.6316577427963626, 1, 0.10195151111691336, 0, 0.46203596958025017, 0.120980063760603, 0.6715598332795037, 0.5483726874606867, 0.33093602744166206, 1, 1, 0.37902632313780427, 0.7735737927239071, 0.8710567655965334, 0.1879175835808885, 0.26897078489400195, 0.19851530442115806, 0.43008342803842303, 0.388111661213809, 0.40700375958068225, 0.03707561052384445]"
59,"[2, 2, 2, 0, 1]","[0.8419475136344586, 0.05553152710963516, 0.4230145534110039, 0.46115946565947785, 0.6906085381353467, 0.6965034992981668, 1, 0, 0.28991951990767706, 0.46203596958025017, 0, 0.6715598332795037, 0.5483726874606867, 0.33093602744166206, 0.582116100490348, 0.30285250678149667, 0.09319955173994632, 0.3309995066221595, 0, 1, 0, 0.4758445000701227, 1, 0, 0.23733482356040314, 0.42459023527997275]"
60,"[0, 0, 2, 0, 2]","[0.8419475136344586, 0.2959786306546548, 0.45694218640290574, 0.46115946565947785, 0.6906085381353467, 0.6965034992981668, 1, 0, 0.4690136313970409, 0.46203596958025017, 0, 0.6715598332795037, 0.5483726874606867, 0, 0.582116100490348, 0.30285250678149667, 0.4497171786795485, 0.016368175861020018, 0, 0.9035796852501532, 0, 0.4758445000701227, 1, 0.4509604544786455, 0.23733482356040314, 0.7934020749092567]"
61,"[2, 1, 2, 2, 0]","[0.5624882462423378, 0.735589520104544, 0.48987082232003476, 0.12204879633210708, 0.6086595042919822, 1, 0.3279141322979764, 0.5183533178359221, 0.9268042535005672, 0.5693303386222295, 1, 0.9540956866200894, 0.6872254557564562, 0, 1, 0, 1, 0.3247879389340049, 1, 0.4122485232085431, 0.44508829253616744, 0.191128297194346, 0.43008342803842303, 0.4365723719902539, 0.9202100622214703, 0.22403969560210601]"
62,"[2, 1, 0, 2, 2]","[0.5620579966456929, 0.735589520104544, 0.48987082232003476, 0, 0.6086595042919822, 0.6070309389958946, 0.3279141322979764, 0.5183533178359221, 1, 0.5693303386222295, 0.5513176262591836, 1, 0.6872254557564562, 0.7385049538458451, 1, 0, 1, 0.7735737927239071, 1, 0.649008827508563, 0, 0.191128297194346, 0.43008342803842303, 0.4365723719902539, 0.13279140007161971, 0.33902307514947094]"
63,"[2, 2, 2, 0, 0]","[0.39820544719256334, 0.8192123567305826, 0.8572255125684012, 0.12204879633210708, 0.6086595042919822, 0.8540291501276178, 0.3279141322979764, 0.5183533178359221, 0.9268042535005672, 0.5693303386222295, 0.633183184321792, 1, 0.5483726874606867, 0, 0, 1, 1, 1, 0.8993078885325215, 0.9350648400711974, 1, 0, 0.1330380906647739, 0.7614310549816068, 0.23733482356040314, 0.036775323927350945]"
64,"[0, 2, 2, 2, 0]","[1, 0.5698165047525766, 0.45694218640290574, 0.39816467022196445, 1, 0.6965034992981668, 1, 0, 1, 0.5450257433657746, 0, 0.9761607867664392, 0.84172388502228, 0, 1, 1, 0.7748734871286962, 0, 0.4970235282609846, 0.8344315400742346, 0.38114503925443954, 0.7623878108173094, 0.23065543325281102, 1, 0.8303839221059914, 1]"
65,"[2, 2, 2, 0, 0]","[0.7465962114808737, 1, 0.45694218640290574, 0.46115946565947785, 0.6906085381353467, 1, 1, 0.1516882207952932, 1, 0.305179566705697, 0, 1, 0.5033459589444204, 0.25103945536440186, 0.8320932681526673, 1, 1, 0.2961521407608436, 0.7857074532659666, 1, 0.38114503925443954, 0.7991187556407856, 0.39948090747879583, 0.8199640225497588, 0.727446360015066, 1]"
66,"[2, 0, 0, 2, 2]","[1, 0.5698165047525766, 0.45694218640290574, 0.11125019634062194, 1, 0.7807276500264468, 0.8057383879883488, 0, 1, 0, 0, 0.8246623450729765, 0.1732644820430057, 0.1645598776497208, 0, 0.8715264084350183, 0.5708313968874653, 0.8651690826866538, 0.7857074532659666, 1, 0, 0.9053008849164799, 0.04045423650667512, 0.6242529542187707, 0.8303839221059914, 0.9117298887322558]"
67,"[2, 2, 0, 0, 2]","[0.6587898811002801, 0, 0.5873470123871919, 0.0955001395346281, 1, 0.7807276500264468, 0.37179186254961916, 0.5769067079360745, 1, 0, 0, 0.5819188836436587, 0.1732644820430057, 0.38232112898780246, 0, 1, 0.501920984237272, 0.8651690826866538, 1, 1, 0, 0.9053008849164799, 0.04045423650667512, 0.6242529542187707, 0.8303839221059914, 0.8270901736169044]"
68,"[0, 2, 0, 2, 2]","[0.6587898811002801, 0, 0.5873470123871919, 0.0955001395346281, 1, 0.7807276500264468, 0.37179186254961916, 0.5769067079360745, 1, 0, 0, 0.5819188836436587, 0.1732644820430057, 0.38232112898780246, 0, 1, 0.501920984237272, 0.8651690826866538, 1, 1, 0, 0.9053008849164799, 0.04045423650667512, 0.6242529542187707, 0.8303839221059914, 0.8270901736169044]"
69,"[1, 2, 2, 0, 1]","[0.11536887410859609, 0.4691258522790196, 0.35619094979921406, 1, 0, 0.43253269728277455, 0.3902476798526294, 0.04098556252490848, 1, 1, 0.7240205892989223, 0.17220335588558577, 0, 1, 0.8971013663902828, 0.454999524265021, 0.5479872092923157, 0.2464525908350752, 0.5151601398951379, 0.5941801474838923, 0.469838539380234, 0.9671266690933996, 0.4610005261498664, 0.5259309840663883, 0.49330656183319943, 0]"
70,"[1, 0, 0, 2, 2]","[0.21695149661833268, 0.8104421527529528, 0, 1, 0, 0.43253269728277455, 0.3902476798526294, 0, 0.5695971377358158, 0.509747572152503, 0.7240205892989223, 0, 0, 1, 1, 0.31918053386159273, 0.7531636938424909, 0.29566921009206826, 0.5151601398951379, 0.5941801474838923, 0.44039342125207515, 0.8883418999206141, 0.16757528192860915, 0.5259309840663883, 0.6879732535090861, 0.42519421652752176]"
71,"[2, 2, 0, 1, 2]","[0.4574401646431844, 0.4691258522790196, 0.35619094979921406, 0.45058850100860603, 0, 0.1767891997391442, 0.6744508692630093, 0.2869726495313206, 1, 0, 0, 0.4400902745622044, 0.1732644820430057, 0.12019113379963497, 0.6986729075431163, 0.8715264084350183, 1, 0.9442702289860139, 0.5424746370817684, 0.19859509468866043, 0, 0.9053008849164799, 0.4145415164720536, 0.18493012656309016, 0.8303839221059914, 1]"
72,"[0, 0, 2, 2, 0]","[0.4645862688702984, 0.27637185190308955, 0.35619094979921406, 0.8083119558607513, 0.4969249746713267, 0.6619464380989879, 0.5610189384185614, 0, 1, 0.14857284518449188, 0.4887078800507816, 0.17220335588558577, 0.1732644820430057, 0.3546526822654943, 0.7335329487379656, 1, 0.5182322945988771, 0.9151442466275234, 0.9117280883016304, 0.47400809343935735, 0, 0.9053008849164799, 0, 0.4365723719902539, 0.5030376944559178, 0.8053768887664118]"
73,"[1, 0, 2, 2, 2]","[0.2692845158038486, 0.27637185190308955, 0.2758653318131358, 0.9171482423040291, 0.4969249746713267, 0.6619464380989879, 0.029778691272632885, 0, 1, 1, 0.7459962322037832, 0.17220335588558577, 0, 1, 0.661749447718318, 0.5504404876439906, 0.6899402492672524, 0.9331465634600962, 0.6657604890486483, 0.627333384498539, 0, 0.9053008849164799, 0, 0.5326858706377267, 1, 0.5716896059160084]"
74,"[2, 0, 0, 2, 2]","[0, 0.4691258522790196, 0.4694461733231998, 0.6998140836003698, 0, 0.24681241313011948, 1, 0.2869726495313206, 1, 0, 0.46896306464695914, 0.8246623450729765, 0.2973430511253159, 0.03245443546288185, 0.6986729075431163, 1, 0.7399273149651614, 0.9442702289860139, 0.5716162242533336, 0.47400809343935735, 0, 0.9053008849164799, 0.4145415164720536, 0.3435228461493809, 0.8303839221059914, 0.6112548805909527]"
75,"[0, 2, 2, 2, 2]","[0.2628981627336112, 0.46668917623865946, 0.35351353245769856, 0.8083119558607513, 0.2860837116581817, 0.9692744024595699, 0.27146631511636776, 0.40623405531713597, 1, 1, 0.8400972263184314, 0.2530758112232139, 0.20552249573141235, 0.5823588435020675, 0.661749447718318, 0.7110987450108793, 0.6899402492672524, 0.9331465634600962, 0.6657604890486483, 0.627333384498539, 0, 0.8059371810115598, 0, 0.604077688540858, 0.896784325826814, 0.41011878586513295]"
76,"[2, 0, 2, 2, 0]","[0.24960975253895978, 0.0702425441327208, 1, 0.3710767594591434, 0.8370989861863183, 0.1767891997391442, 1, 0.2869726495313206, 1, 0, 0, 0.34975553983856356, 0.2973430511253159, 0.03245443546288185, 0.5922300707612603, 0.8894342761121391, 0.3290178593340606, 0.2464525908350752, 0.8985671508266739, 0.27137725976263405, 0.3829951151543042, 0.03291797200155255, 0.4069966601420598, 0.4365723719902539, 0.5433893577741361, 0.5716896059160084]"
77,"[2, 0, 0, 2, 2]","[1, 0.9265861099618742, 0.4314634126888527, 0.7804699328155641, 0, 0, 1, 0.2869726495313206, 0.561258564677466, 0, 0, 1, 0, 0.3439305731357809, 0.2847715866929865, 0.7110987450108793, 0.33939193705962134, 0.8413190562410017, 0.6657604890486483, 0.627333384498539, 0, 0.8059371810115598, 0.3387651958784086, 0.8213341212189139, 0.896784325826814, 0.5817330150137386]"
78,"[1, 2, 0, 0, 2]","[1, 0.9265861099618742, 0.4314634126888527, 0.7804699328155641, 0, 0, 1, 0.2869726495313206, 0.561258564677466, 0, 0, 1, 0, 0.3439305731357809, 0.2847715866929865, 0.7110987450108793, 0.33939193705962134, 0.8413190562410017, 0.6657604890486483, 0.627333384498539, 0, 0.8059371810115598, 0.3387651958784086, 0.8213341212189139, 0.896784325826814, 0.5817330150137386]"
79,"[1, 0, 2, 2, 0]","[0.321445721759157, 0.4691258522790196, 0.4314634126888527, 0.7804699328155641, 0, 0, 1, 0, 1, 0.06479626211913703, 0.16808204230489543, 0.7062206706543855, 0.09006904648584213, 0.8586316854463507, 0.2306970517797613, 0.7110987450108793, 0.6217703999143955, 0.8197792358131413, 0.6657604890486483, 0.5943726456202671, 0, 1, 0, 1, 1, 0.23558508793807564]"
80,"[2, 0, 0, 2, 2]","[0.6568939329725587, 0.2183399706482, 0.5491318599038898, 0.15401896614881083, 0, 0, 1, 0, 1, 0.17917877794264558, 0.16808204230489543, 0.4014558178666098, 0.09006904648584213, 0.8586316854463507, 0.2306970517797613, 0.7110987450108793, 0.46690466310186085, 0.9968620897259035, 0.6222143508680723, 0.5943726456202671, 0, 1, 0.23762585966967398, 1, 1, 0.23558508793807564]"
81,"[2, 2, 0, 2, 2]","[0.1722740633981893, 0.2183399706482, 0.8128193628701134, 0.4221936215100458, 1, 0.9734332864485514, 0.9655612264289897, 0.5645580209813101, 0.5559560454320286, 0.23181774186253679, 0.01456960311971045, 0.9206404280823278, 0.5051835339503944, 0.4325285613978136, 0.4869578438966866, 0.695479982589981, 0.8430493993808116, 0.5601237155810282, 0.23366815443429223, 0.74639709040753, 0.16023975560306059, 1, 0.0376909805242327, 0.940427204330446, 0.9091703568728563, 0.4139814367450775]"
82,"[2, 0, 1, 0, 2]","[0, 0.20483416270615284, 0.7250643317485901, 0.15401896614881083, 1, 1, 0.7652086906751567, 0.14356995934676187, 0.6461761193079403, 0.06130542845142872, 0.01456960311971045, 0.7062206706543855, 0, 0.8586316854463507, 1, 0.7110987450108793, 0, 0.8197792358131413, 0.44511978125434515, 0.24069849671818133, 0, 0.6901748751074795, 0, 0.369586310515034, 0.5772800842678093, 0.10053280713865986]"
83,"[0, 0, 2, 2, 2]","[0.022963081739861613, 1, 0.8568149649245269, 0.9452696438163557, 0.0292366434122715, 0.5364448426469737, 0.02558529780979224, 0.048283527571846396, 1, 0, 0, 0.34029824807788567, 0.1732644820430057, 0.7616806679309758, 0.33148750459152765, 0.7815329289738884, 1, 1, 0.618926060754357, 0.1524483055609024, 0.47734189386522374, 0.8059371810115598, 0, 1, 1, 0]"
84,"[1, 2, 2, 0, 0]","[0.9851438320451, 0.46668917623865946, 0.8128193628701134, 0.4821069539423877, 1, 1, 0.9655612264289897, 0.46125742689505433, 0.5559560454320286, 0, 0, 1, 0.03321497409587437, 1, 0.8618464160017042, 0.695479982589981, 0.8915835202239125, 0.5601237155810282, 0.4859811810843564, 0.5367680607508842, 0.003639890559047232, 0.10679657953671928, 0.9507988635262765, 0.6279540009077179, 0.8469699719869623, 1]"
85,"[2, 0, 0, 2, 2]","[0.6673554546586868, 0.01013217963153501, 0.8128193628701134, 0.4821069539423877, 1, 1, 0.9655612264289897, 0.32212832065568164, 0.5559560454320286, 0.28284855884533167, 0, 1, 0, 1, 0.6720820442818686, 0.695479982589981, 0.8915835202239125, 0.5601237155810282, 0.4859811810843564, 0.4491388891788738, 0, 0.8280604665795694, 0, 0.4598729042022316, 0.8958489143222462, 1]"
86,"[1, 2, 2, 2, 0]","[0, 0.4090637868519601, 0.5692644287560765, 0.5718334198946384, 1, 0.599118599707166, 0.8981904001643728, 0.6462819189188971, 0.37237972595018665, 0.44330044712051087, 0.30870949148609583, 0.6146557087402903, 0.4535730618653582, 0.7138884176608872, 0.8979544316126377, 1, 1, 0.5711552571597712, 0.9170227176904948, 0.5367680607508842, 0.003639890559047232, 0, 0.9507988635262765, 0.6279540009077179, 1, 1]"
87,"[1, 0, 2, 2, 2]","[1, 0.6677452329763804, 0.623470053677278, 0.0256486359124104, 1, 1, 0.74814653528155, 0.46125742689505433, 0.5559560454320286, 0, 0.08543937928729639, 0.8147536130120958, 0.24878240470033297, 0.8777936385102274, 0.4467340389409986, 0.785262696269401, 0.7050103521276838, 0, 0.8609108452195702, 0.10006632138050164, 0, 0.3116368579412143, 0.04535960549441065, 1, 1, 0.4120476262575046]"
88,"[2, 2, 2, 0, 2]","[0.6601867144008192, 0.8761017179480656, 0.623470053677278, 0, 0.828701208776406, 1, 0.74814653528155, 0.8314285126925853, 0.5559560454320286, 0, 0, 0.9073816483735924, 0, 0.680184586812519, 0.4467340389409986, 0.7567312987474145, 0.050050386989311635, 0.23739308950413418, 1, 0, 0, 0.7765899447460148, 0.04535960549441065, 1, 0.931986415593789, 0.34828948169459184]"
89,"[0, 2, 1, 2, 2]","[0.6601867144008192, 0.8761017179480656, 0.623470053677278, 0, 0.828701208776406, 1, 0.74814653528155, 0.8314285126925853, 0.5559560454320286, 0, 0, 0.9073816483735924, 0, 0.680184586812519, 0.4467340389409986, 0.7567312987474145, 0.050050386989311635, 0.23739308950413418, 1, 0, 0, 0.7765899447460148, 0.04535960549441065, 1, 0.931986415593789, 0.34828948169459184]"
90,"[2, 0, 0, 2, 2]","[0, 1, 0.36109725802053094, 0.5060998270603131, 0.5888243639166244, 0.5034794389832571, 0.8981904001643728, 0.8148944716034215, 0.7673238991724952, 0, 0.4212635193719979, 0.3682950914504175, 0.4162141930869442, 1, 0, 0.536704734610969, 1, 0.6139551574175017, 0.9522682625634329, 0.20972271094404982, 0, 0.5961722077934948, 0, 1, 1, 0]"
91,"[2, 2, 2, 1, 0]","[0.12872225829943873, 0.09382319347360324, 0.6758157113052509, 0.6165433304600549, 0.8278128020957635, 0.6109064348307786, 1, 0.7898947395433327, 0.5467093822143252, 0, 0.09768458308236272, 0.814413552894007, 0.7354661681575506, 1, 0.01135532367084735, 0.8507307150940118, 1, 0.8382678671944379, 0.4960102040578952, 0.5033944166358522, 0, 0.5422432004573793, 0, 1, 1, 0]"
92,"[2, 2, 0, 1, 2]","[0.8994757905240826, 0.7998774828473985, 0.791330832699811, 0.9319613077449546, 0.9353674203302578, 1, 0.8981904001643728, 0.7898947395433327, 0.6024847288111953, 0, 0.18712420529536689, 0.6853772311831517, 0.9936207546118548, 0.5986796158413711, 0.01135532367084735, 1, 0.36652780880152636, 0.13673738875156372, 1, 0.9113223213992108, 0.37881231819533867, 1, 0, 0.5415315820117913, 1, 0.1810837617595591]"
93,"[0, 2, 0, 2, 0]","[0.4897229142884023, 0, 0.3467127707750035, 0.7255905244794388, 0.8315040113866289, 1, 0.9655612264289897, 0.9418016496199954, 0.1535153802909831, 0, 0.06066630213450619, 1, 0.9936207546118548, 1, 0.36348366811494814, 0.8178156376112502, 0.0669038721014602, 0.4867172671660557, 0.5168466585681164, 0.9113223213992108, 0.37881231819533867, 0.5147886613906221, 1, 0.7944784096828658, 1, 0.48980869927521775]"
94,"[2, 0, 0, 1, 2]","[0, 0, 1, 0.8271943656822754, 0.6709333838245692, 0.940968337897125, 0.9655612264289897, 0.3533951855863977, 1, 0.34864671118010737, 0, 1, 0.02326842790998007, 0.680184586812519, 0.47843187193387415, 1, 0.0642521533632876, 0, 0.566156910725129, 0.45617321243727893, 0, 0.5379943393475813, 0.21033765075203015, 0, 1, 0.586733612243033]"
95,"[2, 1, 1, 2, 1]","[0.8994757905240826, 0.49270982329582647, 0.46380879650447904, 0.6367811044671716, 1, 0.769665432135459, 0.8981904001643728, 0.6548477081045898, 0.6024847288111953, 0, 0.8248655118096943, 0.6853772311831517, 0.9936207546118548, 0.9373545485612091, 0.39998745543228387, 0.9557879071378766, 0.0669038721014602, 0.4867172671660557, 1, 0.441300334621448, 0.5227832230148088, 1, 0.3946885447335582, 0.44024926657314223, 1, 0.06034400748938196]"
96,"[0, 2, 2, 0, 2]","[0.9409079280674535, 0.8165800211806293, 0.46380879650447904, 0.6367811044671716, 0.2325293432416754, 0.8350019349221623, 0.6266860827678532, 0.9856597303938394, 1, 0.487101566837016, 0.8248655118096943, 0.8277485147598135, 1, 0.5640126858284994, 0, 0.3879154270012314, 0, 0.33771817548725036, 0.10784404003479964, 0.3526145227085662, 0.3819073804284254, 0.46186300051480733, 0.1591208727533624, 0.4265667709441193, 1, 0.7319246128603805]"
97,"[2, 0, 0, 2, 2]","[0.10675133230759581, 1, 0.14906276929350726, 0, 1, 1, 0.5486863361331749, 0.5593005038763676, 0.7514069922952707, 0, 0, 0.10642814567933823, 0.9936207546118548, 0.7331916081235949, 0.8629272398092367, 0.36172015329275664, 0.31774314150949934, 0.02135534904367231, 0.80254535089336, 1, 0, 0.24905447700394934, 0.138836126325123, 0.5492389836179625, 0, 0.2424677323350557]"
98,"[2, 0, 0, 1, 2]","[0.8450716612997029, 1, 0.29537265723349215, 0.448879908887012, 0.8911831773194943, 0.8351170200920269, 1, 0.7898947395433327, 0.5324804963159807, 0.5165736952152236, 0.8780524816627205, 0.5266266994886585, 0.9936207546118548, 1, 0, 1, 0, 0.5116157994536444, 1, 1, 0.10421469034129871, 0.7438318903338661, 0.4023604622391821, 0.5415315820117913, 0.8028198286390823, 0.7062181059977016]"
99,"[2, 0, 0, 0, 2]","[0, 1, 0.40334805168192844, 1, 0.40114639860516144, 0.5022879963036495, 1, 0.7668907331532814, 0.49484248946780995, 0.336033431466361, 0.8881506497676894, 0.8705333153978617, 0.15730986002361902, 0.7331916081235949, 0.08032461586432793, 1, 0.11801209821437464, 0.02135534904367231, 1, 1, 0, 0.8202904745745305, 0.3547634805466797, 0.47620127291580194, 0.8942910250273501, 0.5919099715767113]"
